{
    "connectors": [
        {
            "targetName": "minecraft:street",
            "innerConnector": false,
            "rotateConnector": false,
            "name": "minecraft:street",
            "pools": ["village/desert/streets"],
            "position": {
                "x": -7,
                "y": 0,
                "z": -4
            },
            "direction": "WEST_NEGATIVE_X"
        },
        {
            "targetName": "minecraft:building_entrance",
            "innerConnector": true,
            "rotateConnector": false,
            "name": "minecraft:building_entrance",
            "pools": ["village/desert/houses"],
            "position": {
                "x": -5,
                "y": 0,
                "z": -3
            },
            "direction": "SOUTH_POSITIVE_Z"
        },
        {
            "targetName": "minecraft:building_entrance",
            "innerConnector": true,
            "rotateConnector": false,
            "name": "minecraft:building_entrance",
            "pools": ["village/desert/houses"],
            "position": {
                "x": 0,
                "y": 0,
                "z": -3
            },
            "direction": "SOUTH_POSITIVE_Z"
        },
        {
            "targetName": "minecraft:building_entrance",
            "innerConnector": true,
            "rotateConnector": false,
            "name": "minecraft:building_entrance",
            "pools": ["village/desert/houses"],
            "position": {
                "x": 5,
                "y": 0,
                "z": -3
            },
            "direction": "SOUTH_POSITIVE_Z"
        },
        {
            "targetName": "minecraft:street",
            "innerConnector": false,
            "rotateConnector": false,
            "name": "minecraft:street",
            "pools": ["village/desert/streets"],
            "position": {
                "x": 7,
                "y": 0,
                "z": -4
            },
            "direction": "EAST_POSITIVE_X"
        }
    ],
    "placementOptions": {
        "markers": [{
            "emptyAbove": true,
            "maximumMarkers": 1,
            "mark": [
                {"block": "minecraft:sand"},
                {"block": "minecraft:sandstone"}
            ],
            "marker": "villager"
        }],
        "overStilt": 0,
        "chance": 1,
        "meld": false,
        "density": 1,
        "bottom": false,
        "translateCenter": false,
        "rotation": {
            "yAxis": {
                "min": 0,
                "max": 270,
                "interval": 90,
                "enabled": true
            },
            "xAxis": {
                "min": 0,
                "max": 0,
                "interval": 0,
                "enabled": false
            },
            "zAxis": {
                "min": 0,
                "max": 0,
                "interval": 0,
                "enabled": false
            },
            "enabled": true
        },
        "boreExtendMinY": -1,
        "smartBore": false,
        "waterloggable": false,
        "bore": false,
        "translate": {
            "yRandom": 0,
            "x": 0,
            "y": 0,
            "z": 0
        },
        "mode": "PAINT",
        "carvingSupport": "SURFACE_ONLY",
        "snow": 0,
        "underwater": false,
        "boreExtendMaxY": 0,
        "onwater": false,
        "clamp": {
            "minimumHeight": 0,
            "maximumHeight": 255
        },
        "warp": {
            "multiplier": 1,
            "style": "FLAT",
            "zoom": 1,
            "maxFractureAccuracy": false,
            "exponent": 1
        }
    },
    "object": "jigsaw/village/desert/streets/straight_01"
}
