{
    "connectors": [
        {
            "targetName": "*",
            "innerConnector": true,
            "entityCount": 1,
            "rotateConnector": false,
            "name": "top",
            "position": {
                "x": 0,
                "y": 5,
                "z": 1
            },
            "direction": "WEST_NEGATIVE_X"
        },
        {
            "targetName": "*",
            "innerConnector": true,
            "entityCount": 1,
            "rotateConnector": false,
            "name": "",
            "pools": ["igloo/bottom"],
            "position": {
                "x": 0,
                "y": -6,
                "z": 1
            },
            "direction": "EAST_POSITIVE_X"
        }
    ],
    "object": "jigsaw/igloo/middle"
}
