{
    "connectors": [{
        "targetName": "top",
        "innerConnector": true,
        "entityCount": 1,
        "rotateConnector": false,
        "name": "",
        "pools": ["igloo/middle"],
        "position": {
            "x": -1,
            "y": -3,
            "z": 2
        },
        "direction": "EAST_POSITIVE_X"
    }],
    "placementOptions": {
        "overStilt": 0,
        "chance": 1,
        "meld": false,
        "density": 1,
        "boreExtendMinY": 0,
        "bottom": false,
        "translateCenter": false,

        "boreExtendMaxY": 0,
        "smartBore": false,
        "waterloggable": false,
        "bore": false,
        "translate": {
            "yRandom": 0,
            "x": 0,
            "y": 0,
            "z": 0
        },
        "mode": "FAST_MAX_HEIGHT",
        "carvingSupport": "SURFACE_ONLY",
        "snow": 0,
        "underwater": false,
        "onwater": false,
        "clamp": {
            "minimumHeight": 0,
            "maximumHeight": 255
        },
        "warp": {
            "multiplier": 1,
            "style": "FLAT",
            "zoom": 1,
            "maxFractureAccuracy": false,
            "exponent": 1
        }
    },
    "object": "jigsaw/igloo/top1"
}
