{
    "object": "jigsaw/mineshaft/way_rails",
    "connectors": [
        {
            "name": "",
            "targetName": "*",
            "innerConnector": false,
            "pools": ["mineshaft/generic"],
            "keepEntity": false,
            "entityCount": 1,
            "position": {
                "x": -3,
                "y": 1,
                "z": 0
            },
            "direction": "WEST_NEGATIVE_X"
        },
        {
            "name": "",
            "targetName": "*",
            "innerConnector": false,
            "pools": ["mineshaft/generic"],
            "keepEntity": false,
            "entityCount": 1,
            "position": {
                "x": 2,
                "y": 1,
                "z": 0
            },
            "direction": "EAST_POSITIVE_X"
        }
    ]
}
