{
    "object": "structures/frosty-village",
    "placementOptions":{
        "bore": true,
        "boreExtendMaxY": 64,
        "carvingSupport": "SURFACE_ONLY",
        "rotation": {
            "enabled": true,
            "xAxis": {
                "enabled": false,
                "min": 0,
                "max": 0,
                "interval": 0
            },
            "yAxis": {
                "enabled": true,
                "min": 0,
                "max": 0,
                "interval": 90
            },
            "zAxis": {
                "enabled": false,
                "min": 0,
                "max": 0,
                "interval": 0
            }
        },
        "mode": "CENTER_HEIGHT",
        "markers": [{
            "maximumMarkers": 4,
            "mark": [{"block": "minecraft:spruce_planks"}],
            "marker": "villager"
        },
        {
            "maximumMarkers": 3,
            "mark": [{"block": "minecraft:spruce_pressure_plate"}],
            "marker": "animals"
        }]

    }

    }
