{
    "placementOptions": {
        "loot": ["structures/ocean-ruins"],
        "overStilt": 0,
        "chance": 1,
        "meld": false,
        "density": 1,
        "bottom": false,
        "translateCenter": false,
        "rotation": {
            "yAxis": {
                "min": 0,
                "max": 270,
                "interval": 90,
                "enabled": true
            },
            "xAxis": {
                "min": 0,
                "max": 0,
                "interval": 0,
                "enabled": false
            },
            "zAxis": {
                "min": 0,
                "max": 0,
                "interval": 0,
                "enabled": false
            },
            "enabled": true
        },
        "boreExtendMinY": 0,
        "smartBore": false,
        "waterloggable": true,
        "bore": false,
        "translate": {
            "yRandom": 0,
            "x": 0,
            "y": -1,
            "z": 0
        },
        "mode": "FAST_MAX_HEIGHT",
        "carvingSupport": "SURFACE_ONLY",
        "snow": 0,
        "underwater": true,
        "boreExtendMaxY": 0,
        "onwater": false,
        "clamp": {
            "minimumHeight": 0,
            "maximumHeight": 255
        },
        "warp": {
            "multiplier": 1,
            "style": "FLAT",
            "zoom": 1,
            "maxFractureAccuracy": false,
            "exponent": 1
        }
    },
    "object": "jigsaw/underwater-ruin/brick_8"
}
