{
    "connectors": [
        {
            "targetName": "*",
            "innerConnector": false,
            "rotateConnector": false,
            "name": "",
            "position": {
                "x": 0,
                "y": -5,
                "z": -2
            },
            "direction": "DOWN_NEGATIVE_Y"
        },
        {
            "targetName": "*",
            "innerConnector": true,
            "rotateConnector": false,
            "name": "",
            "pools": ["stronghold/ceiling-5x5"],
            "position": {
                "x": 0,
                "y": 4,
                "z": -2
            },
            "direction": "UP_POSITIVE_Y"
        }
    ],
    "max2dDim": {
        "nullSupport": false,
        "check": {},
        "time": {},
        "write": {}
    },
    "max3dDim": {
        "nullSupport": false,
        "check": {},
        "time": {},
        "write": {}
    },
    "object": "jigsaw/stronghold/ceiling/7x7/wood-beams",
    "placementOptions": {"bore": true}
}
