{
    "object": "jigsaw/village/misc/j10",
    "connectors": [
        {
            "name": "",
            "targetName": "*",
            "rotateConnector": false,
            "innerConnector": true,
            "pools": ["village/japanese/paths-all"],
            "keepEntity": false,
            "entityCount": 1,
            "position": {
                "x": -14,
                "y": -13,
                "z": 0
            },
            "direction": "WEST_NEGATIVE_X"
        },
        {
            "name": "",
            "targetName": "*",
            "rotateConnector": false,
            "innerConnector": true,
            "pools": ["village/japanese/paths-all"],
            "keepEntity": false,
            "entityCount": 1,
            "position": {
                "x": 10,
                "y": -13,
                "z": 16
            },
            "direction": "SOUTH_POSITIVE_Z"
        }
    ],
    "placementOptions": {
        "overStilt": 0,
        "chance": 1,
        "meld": false,
        "density": 1,
        "edit": [{
            "find": [{"block": "minecraft:blue_concrete"}],
            "replace": {"palette": [{"block": "minecraft:pink_concrete"}]}
        }],
        "bottom": false,
        "translateCenter": false,
        "rotation": {
            "yAxis": {
                "min": 0,
                "max": 270,
                "interval": 90,
                "enabled": true
            },
            "xAxis": {
                "min": 0,
                "max": 0,
                "interval": 0,
                "enabled": false
            },
            "zAxis": {
                "min": 0,
                "max": 0,
                "interval": 0,
                "enabled": false
            },
            "enabled": true
        },
        "boreExtendMinY": -1,
        "smartBore": false,
        "waterloggable": false,
        "bore": true,
        "translate": {
            "yRandom": 0,
            "x": 0,
            "y": -1,
            "z": 0
        },
        "mode": "FAST_MIN_HEIGHT",
        "carvingSupport": "SURFACE_ONLY",
        "snow": 0,
        "underwater": false,
        "boreExtendMaxY": 0,
        "onwater": false,
        "clamp": {
            "minimumHeight": 0,
            "maximumHeight": 255
        },
        "warp": {
            "multiplier": 1,
            "style": "FLAT",
            "zoom": 1,
            "maxFractureAccuracy": false,
            "exponent": 1
        }
    }
}
