{
    "connectors": [
        {
            "targetName": "",
            "innerConnector": false,
            "rotateConnector": false,
            "name": "minecraft:feature",
            "position": {
                "x": -3,
                "y": 0,
                "z": -5
            },
            "direction": "NORTH_NEGATIVE_Z"
        },
        {
            "targetName": "",
            "innerConnector": false,
            "rotateConnector": false,
            "name": "minecraft:feature",
            "position": {
                "x": -3,
                "y": 0,
                "z": 5
            },
            "direction": "SOUTH_POSITIVE_Z"
        },
        {
            "targetName": "",
            "innerConnector": false,
            "rotateConnector": false,
            "name": "minecraft:feature",
            "position": {
                "x": 2,
                "y": 0,
                "z": -5
            },
            "direction": "NORTH_NEGATIVE_Z"
        },
        {
            "targetName": "",
            "innerConnector": false,
            "rotateConnector": false,
            "name": "minecraft:feature",
            "position": {
                "x": 2,
                "y": 0,
                "z": 5
            },
            "direction": "SOUTH_POSITIVE_Z"
        }
    ],
    "placementOptions": {
        "overStilt": 0,
        "chance": 1,
        "meld": false,
        "density": 1,
        "bottom": false,
        "translateCenter": false,
        "rotation": {
            "yAxis": {
                "min": 0,
                "max": 270,
                "interval": 90,
                "enabled": true
            },
            "xAxis": {
                "min": 0,
                "max": 0,
                "interval": 0,
                "enabled": false
            },
            "zAxis": {
                "min": 0,
                "max": 0,
                "interval": 0,
                "enabled": false
            },
            "enabled": true
        },
        "boreExtendMinY": 0,
        "smartBore": false,
        "waterloggable": false,
        "bore": false,
        "translate": {
            "yRandom": 0,
            "x": 0,
            "y": 0,
            "z": 0
        },
        "mode": "PAINT",
        "carvingSupport": "SURFACE_ONLY",
        "snow": 0,
        "underwater": false,
        "boreExtendMaxY": 0,
        "onwater": false,
        "clamp": {
            "minimumHeight": 0,
            "maximumHeight": 255
        },
        "warp": {
            "multiplier": 1,
            "style": "FLAT",
            "zoom": 1,
            "maxFractureAccuracy": false,
            "exponent": 1
        }
    },
    "object": "jigsaw/pillager-outpost/overgrown/pumpkins2"
}
