{
    "name": "Frozen",
    "color": "#44C3D1",

    "rarity": 1,
    "landBiomes": [
        "frozen/plains",
        "frozen/hills",
        "frozen/tundra-winter",
        "frozen/pines",
        "frozen/vander",
        "frozen/fields/hilly-plains",
        "frozen/fields/mountain-spruce-winter",
        "frozen/fields/mountain-spruce-winter-extended",
        "frozen/fields/cold-spines",
        "frozen/fields/cold-plains",
        "frozen/ice-spikes",
        "frozen/mountains/large-mountain",
        "frozen/mountains/extreem-ice-spikes"

    ],

    "caveBiomes": [
        "carving/rocky-cavebiome"
    ],
    "jigsawStructures": [{
        "structure": "ruined-portal",
        "rarity": 1200
        },
        {
        "structure": "dungeon-skeleton",
        "rarity": 800
        },
        {
        "structure": "dungeon-spider",
        "rarity": 800
        },
        {
        "structure": "dungeon-zombie",
        "rarity": 800
        }
        ],


    "objects": [
        {
            "heightmap": {
                "seed": 1337,
                "style": {
                    "style": "SIMPLEX",
                    "multiplier": 10
                },
                "offsetY": 5
            },
            "chance": 0.05,
            "bottom": true,
            "density": 1,
            "place": [
                "structures/amethyst1",
                "structures/amethyst2",
                "structures/amethyst3",
                "structures/amethyst4",
                "structures/amethyst5",
                "structures/amethyst6"
            ],
            "edit": [{
                "find": [{"block": "minecraft:glass"}],
                "replace": {"palette": [{"block": "minecraft:void_air"}]}
            }],
            "enabled": true,
            "xAxis": {
                "interval": 90,
                "max": 360,
                "min": 0
            },
            "yAxis": {
                "interval": 90,
                "max": 270,
                "min": 0
            },
            "translate": {
                "yRandom": 10,
                "y": 2
            }
        }
    ],
    "shoreBiomes": ["frozen/shore/beach"],
    "seaBiomeZoom": 1,
    "seaBiomes": [
        "frozen/sea/ocean",
        "frozen/sea/frozen-river-ice"
    ],
    "deposits": [
        {
            "minHeight": 8,
            "maxPerChunk": 5,
            "maxHeight": 45,
            "minPerChunk": 1,
            "minSize": 2,
            "maxSize": 4,
            "palette": [{"block": "minecraft:diamond_ore"}],
            "varience": 4
        },
        {
            "minHeight": 1,
            "maxPerChunk": 5,
            "maxHeight": 84,
            "minPerChunk": 1,
            "minSize": 3,
            "maxSize": 8,
            "palette": [{"block": "minecraft:copper_ore"}],
            "varience": 8
        }
    ],
    "riverRarity": 1,
    "landBiomeZoom": 3,
    "shoreHeightMin": 2.2,
    "shoreHeightMax": 4.2,
    "entitySpawners": [
        "frozen/passive",
        "frozen/hostile",
        "frozen/cave",
        "frozen/water"
    ],
    "carving": {
        "ravines": [{
            "rarity": 150,
            "ravine": "ice/main"
        }],
        "caves": [
             {
                "breakSurface": true,
                "cave": "cavesv4/glacial/main",
                "rarity": 20,
                "caveStartHeight": {
                    "max": 400,
                    "min": 15,
                    "style": {"style": "VASCULAR"}
                }
            },
            {
                "breakSurface": true,
                "cave": "ice/main",
                "rarity": 50,
                "caveStartHeight": {
                    "max": 400,
                    "min": 15,
                    "style": {"style": "VASCULAR"}
                }
            },
            {
                "breakSurface": true,
                "cave": "rocky/main",
                "rarity": 50,
                "caveStartHeight": {
                    "max": 400,
                    "min": 15,
                    "style": {"style": "STATIC"}
                }
            }
        ]
    },
    "shoreHeightZoom": 1.14,
    "riverThickness": 0.006,
    "loot": {
        "mode": "REPLACE",
        "tables": ["frozen/clutter", "frozen/food", "snow/clutter"]
    }
}
