{
    "connectors": [{
        "targetName": "minecraft:building_entrance",
        "innerConnector": true,
        "rotateConnector": false,
        "name": "minecraft:building_entrance",
        "position": {
            "x": -5,
            "y": -2,
            "z": 2
        },
        "direction": "WEST_NEGATIVE_X"
    }],
    "placementOptions": {
        "loot": ["structures/village/fisher"],
        "markers": [{
            "emptyAbove": true,
            "maximumMarkers": 1,
            "mark": [
                {"block": "minecraft:grass_block"},
                {"block": "minecraft:oak_planks"}
            ],
            "marker": "villager"
        }],
        "overStilt": 0,
        "chance": 1,
        "meld": false,
        "density": 1,
        "bottom": false,
        "translateCenter": false,
        "rotation": {
            "yAxis": {
                "min": 0,
                "max": 270,
                "interval": 90,
                "enabled": true
            },
            "xAxis": {
                "min": 0,
                "max": 0,
                "interval": 0,
                "enabled": false
            },
            "zAxis": {
                "min": 0,
                "max": 0,
                "interval": 0,
                "enabled": false
            },
            "enabled": true
        },
        "boreExtendMinY": -1,
        "smartBore": false,
        "waterloggable": false,
        "bore": true,
        "translate": {
            "yRandom": 0,
            "x": 0,
            "y": -2,
            "z": 0
        },
        "mode": "MIN_STILT",
        "stiltOverride": {"palette": [{"block": "minecraft:cobblestone"}]},
        "carvingSupport": "SURFACE_ONLY",
        "snow": 0,
        "underwater": false,
        "boreExtendMaxY": 0,
        "onwater": false,
        "clamp": {
            "minimumHeight": 0,
            "maximumHeight": 255
        },
        "warp": {
            "multiplier": 1,
            "style": "FLAT",
            "zoom": 1,
            "maxFractureAccuracy": false,
            "exponent": 1
        }
    },
    "object": "jigsaw/village/plains/houses/fisher_cottage_1"
}
